348.38%|33.19%|331.9MiB|1000MiB|project-sb-vt-1
348.38%|33.19%|331.9MiB|1000MiB|project-sb-vt-1
346.25%|33.21%|332.1MiB|1000MiB|project-sb-vt-1
346.25%|33.21%|332.1MiB|1000MiB|project-sb-vt-1
349.65%|33.23%|332.3MiB|1000MiB|project-sb-vt-1
349.65%|33.23%|332.3MiB|1000MiB|project-sb-vt-1
365.46%|33.23%|332.3MiB|1000MiB|project-sb-vt-1
365.46%|33.23%|332.3MiB|1000MiB|project-sb-vt-1
365.34%|33.26%|332.6MiB|1000MiB|project-sb-vt-1
365.34%|33.26%|332.6MiB|1000MiB|project-sb-vt-1
369.10%|33.23%|332.3MiB|1000MiB|project-sb-vt-1
369.10%|33.23%|332.3MiB|1000MiB|project-sb-vt-1
362.14%|33.22%|332.2MiB|1000MiB|project-sb-vt-1
362.14%|33.22%|332.2MiB|1000MiB|project-sb-vt-1
349.78%|33.24%|332.4MiB|1000MiB|project-sb-vt-1
349.78%|33.24%|332.4MiB|1000MiB|project-sb-vt-1
345.50%|33.23%|332.3MiB|1000MiB|project-sb-vt-1
345.50%|33.23%|332.3MiB|1000MiB|project-sb-vt-1
362.18%|33.25%|332.5MiB|1000MiB|project-sb-vt-1
362.18%|33.25%|332.5MiB|1000MiB|project-sb-vt-1
364.19%|33.22%|332.2MiB|1000MiB|project-sb-vt-1
364.19%|33.22%|332.2MiB|1000MiB|project-sb-vt-1
378.04%|33.22%|332.2MiB|1000MiB|project-sb-vt-1
378.04%|33.22%|332.2MiB|1000MiB|project-sb-vt-1
354.24%|33.21%|332.1MiB|1000MiB|project-sb-vt-1
354.24%|33.21%|332.1MiB|1000MiB|project-sb-vt-1
382.86%|33.24%|332.4MiB|1000MiB|project-sb-vt-1
382.86%|33.24%|332.4MiB|1000MiB|project-sb-vt-1
377.93%|33.26%|332.6MiB|1000MiB|project-sb-vt-1
377.93%|33.26%|332.6MiB|1000MiB|project-sb-vt-1
371.96%|33.23%|332.3MiB|1000MiB|project-sb-vt-1
371.96%|33.23%|332.3MiB|1000MiB|project-sb-vt-1
346.73%|33.23%|332.2MiB|1000MiB|project-sb-vt-1
346.73%|33.23%|332.2MiB|1000MiB|project-sb-vt-1
344.29%|33.22%|332.2MiB|1000MiB|project-sb-vt-1
344.29%|33.22%|332.2MiB|1000MiB|project-sb-vt-1
379.09%|33.23%|332.3MiB|1000MiB|project-sb-vt-1
379.09%|33.23%|332.3MiB|1000MiB|project-sb-vt-1
351.18%|33.22%|332.2MiB|1000MiB|project-sb-vt-1
351.18%|33.22%|332.2MiB|1000MiB|project-sb-vt-1
338.35%|33.24%|332.4MiB|1000MiB|project-sb-vt-1
338.35%|33.24%|332.4MiB|1000MiB|project-sb-vt-1
352.18%|33.23%|332.3MiB|1000MiB|project-sb-vt-1
352.18%|33.23%|332.3MiB|1000MiB|project-sb-vt-1
371.07%|33.22%|332.2MiB|1000MiB|project-sb-vt-1
371.07%|33.22%|332.2MiB|1000MiB|project-sb-vt-1
368.08%|33.23%|332.3MiB|1000MiB|project-sb-vt-1
368.08%|33.23%|332.3MiB|1000MiB|project-sb-vt-1
344.22%|33.21%|332.1MiB|1000MiB|project-sb-vt-1
344.22%|33.21%|332.1MiB|1000MiB|project-sb-vt-1
312.01%|33.18%|331.8MiB|1000MiB|project-sb-vt-1
312.01%|33.18%|331.8MiB|1000MiB|project-sb-vt-1