422.23%|29.25%|292.5MiB|1000MiB|project-sb-webflux-1
422.23%|29.25%|292.5MiB|1000MiB|project-sb-webflux-1
429.40%|29.24%|292.4MiB|1000MiB|project-sb-webflux-1
429.40%|29.24%|292.4MiB|1000MiB|project-sb-webflux-1
404.29%|29.46%|294.6MiB|1000MiB|project-sb-webflux-1
404.29%|29.46%|294.6MiB|1000MiB|project-sb-webflux-1
405.09%|29.46%|294.6MiB|1000MiB|project-sb-webflux-1
405.09%|29.46%|294.6MiB|1000MiB|project-sb-webflux-1
417.21%|29.46%|294.6MiB|1000MiB|project-sb-webflux-1
417.21%|29.46%|294.6MiB|1000MiB|project-sb-webflux-1
421.85%|29.45%|294.5MiB|1000MiB|project-sb-webflux-1
421.85%|29.45%|294.5MiB|1000MiB|project-sb-webflux-1
414.38%|29.98%|299.8MiB|1000MiB|project-sb-webflux-1
414.38%|29.98%|299.8MiB|1000MiB|project-sb-webflux-1
415.32%|29.98%|299.8MiB|1000MiB|project-sb-webflux-1
415.32%|29.98%|299.8MiB|1000MiB|project-sb-webflux-1
410.66%|29.98%|299.8MiB|1000MiB|project-sb-webflux-1
410.66%|29.98%|299.8MiB|1000MiB|project-sb-webflux-1
414.37%|29.98%|299.8MiB|1000MiB|project-sb-webflux-1
414.37%|29.98%|299.8MiB|1000MiB|project-sb-webflux-1
409.34%|29.98%|299.8MiB|1000MiB|project-sb-webflux-1
409.34%|29.98%|299.8MiB|1000MiB|project-sb-webflux-1
417.21%|29.98%|299.8MiB|1000MiB|project-sb-webflux-1
417.21%|29.98%|299.8MiB|1000MiB|project-sb-webflux-1
412.71%|29.98%|299.8MiB|1000MiB|project-sb-webflux-1
412.71%|29.98%|299.8MiB|1000MiB|project-sb-webflux-1
424.54%|29.98%|299.8MiB|1000MiB|project-sb-webflux-1
424.54%|29.98%|299.8MiB|1000MiB|project-sb-webflux-1
419.62%|29.99%|299.9MiB|1000MiB|project-sb-webflux-1
419.62%|29.99%|299.9MiB|1000MiB|project-sb-webflux-1
410.84%|29.98%|299.8MiB|1000MiB|project-sb-webflux-1
410.84%|29.98%|299.8MiB|1000MiB|project-sb-webflux-1
435.57%|29.98%|299.8MiB|1000MiB|project-sb-webflux-1
435.57%|29.98%|299.8MiB|1000MiB|project-sb-webflux-1
404.73%|29.98%|299.8MiB|1000MiB|project-sb-webflux-1
404.73%|29.98%|299.8MiB|1000MiB|project-sb-webflux-1
397.46%|29.98%|299.8MiB|1000MiB|project-sb-webflux-1
397.46%|29.98%|299.8MiB|1000MiB|project-sb-webflux-1
421.40%|29.98%|299.8MiB|1000MiB|project-sb-webflux-1
421.40%|29.98%|299.8MiB|1000MiB|project-sb-webflux-1
404.86%|29.98%|299.8MiB|1000MiB|project-sb-webflux-1
404.86%|29.98%|299.8MiB|1000MiB|project-sb-webflux-1
412.44%|29.98%|299.8MiB|1000MiB|project-sb-webflux-1
412.44%|29.98%|299.8MiB|1000MiB|project-sb-webflux-1
401.22%|29.99%|299.9MiB|1000MiB|project-sb-webflux-1
401.22%|29.99%|299.9MiB|1000MiB|project-sb-webflux-1
392.48%|29.98%|299.8MiB|1000MiB|project-sb-webflux-1
392.48%|29.98%|299.8MiB|1000MiB|project-sb-webflux-1
402.09%|29.98%|299.8MiB|1000MiB|project-sb-webflux-1
402.09%|29.98%|299.8MiB|1000MiB|project-sb-webflux-1
409.45%|29.98%|299.8MiB|1000MiB|project-sb-webflux-1
409.45%|29.98%|299.8MiB|1000MiB|project-sb-webflux-1
425.68%|29.98%|299.8MiB|1000MiB|project-sb-webflux-1
425.68%|29.98%|299.8MiB|1000MiB|project-sb-webflux-1
425.68%|29.98%|299.8MiB|1000MiB|project-sb-webflux-1
425.03%|29.98%|299.8MiB|1000MiB|project-sb-webflux-1
425.03%|29.98%|299.8MiB|1000MiB|project-sb-webflux-1
417.36%|29.98%|299.8MiB|1000MiB|project-sb-webflux-1
417.36%|29.98%|299.8MiB|1000MiB|project-sb-webflux-1
425.62%|29.98%|299.8MiB|1000MiB|project-sb-webflux-1
425.62%|29.98%|299.8MiB|1000MiB|project-sb-webflux-1
416.78%|29.98%|299.8MiB|1000MiB|project-sb-webflux-1
416.78%|29.98%|299.8MiB|1000MiB|project-sb-webflux-1
406.89%|29.98%|299.8MiB|1000MiB|project-sb-webflux-1
406.89%|29.98%|299.8MiB|1000MiB|project-sb-webflux-1
396.93%|30.05%|300.5MiB|1000MiB|project-sb-webflux-1
396.93%|30.05%|300.5MiB|1000MiB|project-sb-webflux-1
429.73%|29.98%|299.8MiB|1000MiB|project-sb-webflux-1
429.73%|29.98%|299.8MiB|1000MiB|project-sb-webflux-1
428.62%|29.98%|299.8MiB|1000MiB|project-sb-webflux-1
428.62%|29.98%|299.8MiB|1000MiB|project-sb-webflux-1
405.01%|29.98%|299.8MiB|1000MiB|project-sb-webflux-1
405.01%|29.98%|299.8MiB|1000MiB|project-sb-webflux-1
441.71%|29.98%|299.8MiB|1000MiB|project-sb-webflux-1
441.71%|29.98%|299.8MiB|1000MiB|project-sb-webflux-1
420.33%|29.98%|299.8MiB|1000MiB|project-sb-webflux-1
420.33%|29.98%|299.8MiB|1000MiB|project-sb-webflux-1
408.98%|29.98%|299.8MiB|1000MiB|project-sb-webflux-1
408.98%|29.98%|299.8MiB|1000MiB|project-sb-webflux-1
411.08%|29.98%|299.8MiB|1000MiB|project-sb-webflux-1
411.08%|29.98%|299.8MiB|1000MiB|project-sb-webflux-1
421.55%|29.98%|299.8MiB|1000MiB|project-sb-webflux-1
421.55%|29.98%|299.8MiB|1000MiB|project-sb-webflux-1
425.74%|29.99%|299.9MiB|1000MiB|project-sb-webflux-1
425.74%|29.99%|299.9MiB|1000MiB|project-sb-webflux-1
419.65%|29.98%|299.8MiB|1000MiB|project-sb-webflux-1
419.65%|29.98%|299.8MiB|1000MiB|project-sb-webflux-1
398.95%|29.98%|299.8MiB|1000MiB|project-sb-webflux-1
398.95%|29.98%|299.8MiB|1000MiB|project-sb-webflux-1
420.36%|29.98%|299.8MiB|1000MiB|project-sb-webflux-1
420.36%|29.98%|299.8MiB|1000MiB|project-sb-webflux-1